1588809554250;9120281,7,0
4467578529267415296;1911320027,1,0
1588809555000;9119630,7,0
3170541836584573952;1911320030,1,0
1588809555750;9120073,7,0
1873505143902184192;1911320033,1,0
1588809556500;9119161,7,0
576468451219584512;1911320036,1,0
1588809557250;9118178,7,0
-720568241463859968;1911320038,1,0
1588809558000;9117716,7,0
-2017604934146338816;1911320041,1,0
1588809558750;9119294,7,0
-3314641626828938496;1911320044,1,0
1588809559500;9118943,7,0
-4611678319511699712;1911320047,1,0
1588809560250;9117154,7,0
-5908715012194762752;1911320050,1,0
1588809561000;9117309,7,0
-7205751704877246464;1911320053,1,0
1588809561750;9117757,7,0
-8502788397559878144;1911320056,1,0
1588809562500;9118019,7,0
8646918983467070464;1911320059,1,0
1588809563250;9117503,7,0
7349882290784049920;1911320062,1,0
1588809564000;9118301,7,0
6052845598101718272;1911320065,1,0
1588809564750;9118876,7,0
4755808905419107072;1911320068,1,0
1588809565500;9120163,7,0
3458772212736684800;1911320071,1,0
1588809566250;9120369,7,0
2161735520054247424;1911320074,1,0
1588809567000;9121572,7,0
864698827371804160;1911320077,1,0
1588809567750;9121484,7,0
-432337865311013376;1911320079,1,0
1588809568500;9122688,7,0
-1729374557993707264;1911320082,1,0
1588809569250;9120454,7,0
-3026411250676817152;1911320085,1,0
1588809570000;9121244,7,0
-4323447943359161344;1911320088,1,0
1588809570750;9122441,7,0
-5620484636041442048;1911320091,1,0
1588809571500;9123632,7,0
-6917521328724049408;1911320094,1,0
1588809572250;9124019,7,0
-8214558021406425856;1911320097,1,0
1588809573000;9125399,7,0
8935149359620659712;1911320100,1,0
1588809573750;9127446,7,0
7638112666938218752;1911320103,1,0
1588809574500;9126524,7,0
6341075974255666432;1911320106,1,0
1588809575250;9127100,7,0
5044039281573175552;1911320109,1,0
1588809576000;9128966,7,0
3747002588890573568;1911320112,1,0
1588809576750;9130033,7,0
2449965896208210176;1911320115,1,0
1588809577500;9128942,7,0
1152929203525406464;1911320118,1,0
1588809578250;9131212,7,0
-144107489156895488;1911320120,1,0
1588809579000;9131564,7,0
-1441144181839311616;1911320123,1,0
1588809579750;9133742,7,0
-2738180874521544704;1911320126,1,0
1588809580500;9134064,7,0
-4035217567204458240;1911320129,1,0
1588809581250;9131990,7,0
-5332254259887266816;1911320132,1,0
1588809582000;9133249,7,0
-6629290952569724672;1911320135,1,0
1588809582750;9132417,7,0
-7926327645252956928;1911320138,1,0
1588809583500;9131773,7,0
-9223364337935739392;1911320141,1,0
1588809584250;9131681,7,0
7926343043090883840;1911320144,1,0
1588809585000;9131750,7,0
6629306350408374528;1911320147,1,0
1588809585750;9130872,7,0
5332269657725300992;1911320150,1,0
1588809586500;9129057,7,0
4035232965042401536;1911320153,1,0
1588809587250;9129409,7,0
2738196272359528960;1911320156,1,0
1588809588000;9129164,7,0
1441159579676934400;1911320159,1,0
1588809588750;9129575,7,0
144122886994507264;1911320162,1,0
1588809589500;9130464,7,0
-1152913805688016640;1911320164,1,0
1588809590250;9130781,7,0
-2449950498370558208;1911320167,1,0
1588809591000;9130811,7,0
-3746987191053292032;1911320170,1,0
1588809591750;9131712,7,0
-5044023883735854080;1911320173,1,0
1588809592500;9130771,7,0
-6341060576418928896;1911320176,1,0
1588809593250;9129886,7,0
-7638097269101530112;1911320179,1,0
1588809594000;9131824,7,0
-8935133961783673856;1911320182,1,0
1588809594750;9133229,7,0
8214573419243293184;1911320185,1,0
1588809595500;9133864,7,0
6917536726560953088;1911320188,1,0
1588809596250;9135199,7,0
5620500033878187264;1911320191,1,0
1588809597000;9133217,7,0
4323463341195229696;1911320194,1,0
1588809597750;9133570,7,0
3026426648512437248;1911320197,1,0
1588809598500;9132989,7,0
1729389955829736704;1911320200,1,0
1588809599250;9133456,7,0
432353263146847488;1911320203,1,0
1588809600000;9132452,7,0
-864683429535584000;1911320205,1,0
1588809600750;9133464,7,0
-2161720122218549504;1911320208,1,0
1588809601500;9131004,7,0
-3458756814901549824;1911320211,1,0
1588809602250;9132272,7,0
-4755793507584106240;1911320214,1,0
1588809603000;9131694,7,0
-6052830200267142656;1911320217,1,0
1588809603750;9128927,7,0
-7349866892950144768;1911320220,1,0
1588809604500;9127778,7,0
-8646903585633067264;1911320223,1,0
1588809605250;9129271,7,0
8502803795393847552;1911320226,1,0
1588809606000;9130000,7,0
7205767102711760640;1911320229,1,0
1588809606750;9130171,7,0
5908730410028647936;1911320232,1,0
1588809607500;9128698,7,0
4611693717345473792;1911320235,1,0
1588809608250;9127291,7,0
3314657024662642432;1911320238,1,0
1588809609000;9126677,7,0
2017620331979880192;1911320241,1,0
1588809609750;9126965,7,0
720583639296911616;1911320244,1,0
1588809610500;9127416,7,0
-576453053385394944;1911320246,1,0
1588809611250;9128904,7,0
-1873489746067710976;1911320249,1,0
1588809612000;9129109,7,0
-3170526438750349056;1911320252,1,0
1588809612750;9127799,7,0
-4467563131433638656;1911320255,1,0
1588809613500;9125826,7,0
-5764599824116546048;1911320258,1,0
1588809614250;9124617,7,0
-7061636516799437312;1911320261,1,0
1588809615000;9124646,7,0
-8358673209482510080;1911320264,1,0
1588809615750;9123370,7,0
8791034171544307200;1911320267,1,0
1588809616500;9124020,7,0
7493997478861611008;1911320270,1,0
1588809617250;9123799,7,0
6196960786179184384;1911320273,1,0
1588809618000;9124040,7,0
4899924093496454144;1911320276,1,0
1588809618750;9126171,7,0
3602887400814077184;1911320279,1,0
1588809619500;9124547,7,0
2305850708130830336;1911320282,1,0
1588809620250;9123441,7,0
1008814015448058624;1911320285,1,0
1588809621000;9123874,7,0
-288222677234519552;1911320287,1,0
1588809621750;9123342,7,0
-1585259369917211904;1911320290,1,0
1588809622500;9125810,7,0
-2882296062599701248;1911320293,1,0
1588809623250;9127364,7,0
-4179332755281818624;1911320296,1,0
1588809624000;9127831,7,0
-5476369447964300288;1911320299,1,0
1588809624750;9130142,7,0
-6773406140646643200;1911320302,1,0
1588809625500;9131188,7,0
-8070442833328839936;1911320305,1,0
1588809626250;9131752,7,0
9079264547698026496;1911320308,1,0
1588809627000;9132363,7,0
7782227855015624192;1911320311,1,0
1588809627750;9132946,7,0
6485191162333245696;1911320314,1,0
1588809628500;9134373,7,0
5188154469650447104;1911320317,1,0
1588809629250;9132901,7,0
3891117776967596288;1911320320,1,0
1588809630000;9131394,7,0
2594081084284343552;1911320323,1,0
1588809630750;9131136,7,0
1297044391601460992;1911320326,1,0
1588809631500;9130367,7,0
7698918893568;1911320329,1,0
1588809632250;9129878,7,0
-1297028993764115968;1911320331,1,0
1588809633000;9128237,7,0
-2594065686447388672;1911320334,1,0
1588809633750;9128067,7,0
-3891102379129818624;1911320337,1,0
1588809634500;9127475,7,0
-5188139071813014016;1911320340,1,0
1588809635250;9124664,7,0
-6485175764496479488;1911320343,1,0
1588809636000;9125366,7,0
-7782212457178769152;1911320346,1,0
1588809636750;9123192,7,0
-9079249149861854976;1911320349,1,0
1588809637500;9125278,7,0
8070458231165649664;1911320352,1,0
1588809638250;9126020,7,0
6773421538483117824;1911320355,1,0
1588809639000;9125630,7,0
5476384845799969792;1911320358,1,0
1588809639750;9125301,7,0
4179348153117283584;1911320361,1,0
1588809640500;9126769,7,0
2882311460434987776;1911320364,1,0
1588809641250;9128405,7,0
1585281364822922496;1911320367,1,0
1588809642000;9131446,13,0
288244672140539648;1911320370,1,0
1588809642750;9132687,13,0
-1008792020541736448;1911320372,1,0
1588809643500;9136124,13,0
-2305828713223118336;1911320375,1,0
1588809644250;9142148,13,0
-3602865405904341760;1911320378,1,0
1588809645000;9146144,13,0
-4899902098586159872;1911320381,1,0
1588809645750;9148694,13,0
-6196938791268190208;1911320384,1,0
1588809646500;9153132,13,0
-7493975483949604864;1911320387,1,0
1588809647250;9159445,13,0
-8791012176631002368;1911320390,1,0
1588809648000;9162833,13,0
8358695204396622336;1911320393,1,0
1588809648750;9166199,13,0
7061658511715103744;1911320396,1,0
1588809649500;9171376,13,0
5764621819033747712;1911320399,1,0
1588809650250;9176768,13,0
4467585126352356864;1911320402,1,0
1588809651000;9180160,13,0
3170548433670360064;1911320405,1,0
1588809651750;9183931,13,0
1873511740989017856;1911320408,1,0
1588809652500;9189311,13,0
576475048307291392;1911320411,1,0
1588809653250;9194392,13,0
-720561644373976576;1911320413,1,0
1588809654000;9200605,13,0
-2017598337055045632;1911320416,1,0
1588809654750;9206105,13,0
-3314635029736570624;1911320419,1,0
1588809655500;9210191,13,0
-4611671722418088448;1911320422,1,0
1588809656250;9216746,13,0
-5908708415099006976;1911320425,1,0
1588809657000;9221515,13,0
-7205745107780220416;1911320428,1,0
1588809657750;9227183,13,0
-8502781800461580288;1911320431,1,0
1588809658500;9231987,13,0
8646925580566550784;1911320434,1,0
1588809659250;9237594,13,0
7349888887885037056;1911320437,1,0
1588809660000;9241422,13,0
6052852195203209472;1911320440,1,0
1588809660750;9246141,13,0
4755815502521699840;1911320443,1,0
1588809661500;9251125,13,0
3458778809840667904;1911320446,1,0
1588809662250;9258087,13,0
2161742117159521280;1911320449,1,0
1588809663000;9263501,13,0
864705424478159360;1911320452,1,0
1588809663750;9269345,13,0
-432331268203083776;1911320454,1,0
1588809664500;9274762,13,0
-1729367960884180736;1911320457,1,0
1588809665250;9280551,13,0
-3026404653565646336;1911320460,1,0
1588809666000;9285778,13,0
-4323441346246882816;1911320463,1,0
1588809666750;9291440,13,0
-5620478038928038912;1911320466,1,0
1588809667500;9299052,13,0
-6917514731608751616;1911320469,1,0
1588809668250;9306160,13,0
-8214551424289426688;1911320472,1,0
1588809669000;9313558,13,0
8935155956738809600;1911320475,1,0
1588809669750;9318815,13,0
7638119264057843456;1911320478,1,0
1588809670500;9326813,13,0
6341082571376922368;1911320481,1,0
1588809671250;9331695,13,0
5044045878695633664;1911320484,1,0
1588809672000;9338168,13,0
3747009186014350592;1911320487,1,0
1588809672750;9344909,13,0
2449972493333762816;1911320490,1,0
1588809673500;9352792,13,0
1152935800653091584;1911320493,1,0
1588809674250;9359537,13,0
-144100892028187136;1911320495,1,0
1588809675000;9365697,13,0
-1441137584709371648;1911320498,1,0
1588809675750;9372492,13,0
-2738174277390220032;1911320501,1,0
1588809676500;9378595,13,0
-4035210970071404800;1911320504,1,0
1588809677250;9386213,13,0
-5332247662752043264;1911320507,1,0
1588809678000;9392885,13,0
-6629284355433297920;1911320510,1,0
1588809678750;9399374,13,0
-7926321048114144256;1911320513,1,0
1588809679500;9406391,13,0
-9223357740794922752;1911320516,1,0
1588809680250;9415798,13,0
7926349640234579968;1911320519,1,0
1588809681000;9423784,13,0
6629312947553798656;1911320522,1,0
1588809681750;9431940,13,0
5332276254873312768;1911320525,1,0
1588809682500;9440998,13,0
4035239562192838912;1911320528,1,0
1588809683250;9448974,13,0
2738202869511791360;1911320531,1,0
1588809684000;9455043,13,0
1441166176830808576;1911320534,1,0
1588809684750;9463001,13,0
144129484150032896;1911320537,1,0
1588809685500;9469628,13,0
-1152907208530689280;1911320539,1,0
1588809686250;9477691,13,0
-2449943901211427584;1911320542,1,0
1588809687000;9487346,13,0
-3746980593891678208;1911320545,1,0
1588809687750;9495412,13,0
-5044017286572361472;1911320548,1,0
1588809688500;9504178,13,0
-6341053979252857856;1911320551,1,0
1588809689250;9513119,13,0
-7638090671932923648;1911320554,1,0
1588809690000;9522522,13,0
-8935127364613580544;1911320557,1,0
1588809690750;9530779,13,0
8214580016415316992;1911320560,1,0
1588809691500;9536849,13,0
6917543323734377728;1911320563,1,0
1588809692250;9544618,13,0
5620506631053612032;1911320566,1,0
1588809693000;9553252,13,0
4323469938373046784;1911320569,1,0
1588809693750;9563787,13,0
3026433245693136896;1911320572,1,0
1588809694500;9571997,13,0
1729396553012534016;1911320575,1,0
1588809695250;9581035,13,0
432359860332539136;1911320578,1,0
1588809696000;9592011,13,0
-864676832347699200;1911320580,1,0
1588809696750;9603521,13,0
-2161713525027043072;1911320583,1,0
1588809697500;9613912,13,0
-3458750217707466240;1911320586,1,0
1588809698250;9622800,13,0
-4755786910387834368;1911320589,1,0
1588809699000;9631830,13,0
-6052823603068229632;1911320592,1,0
1588809699750;9642371,13,0
-7349860295748131072;1911320595,1,0
1588809700500;9654541,13,0
-8646896988427453696;1911320598,1,0
1588809701250;9665301,13,0
8502810392602083072;1911320601,1,0
1588809702000;9676695,13,0
7205773699921985024;1911320604,1,0
1588809702750;9685805,13,0
5908737007241878016;1911320607,1,0
1588809703500;9697534,13,0
4611700314561729280;1911320610,1,0
1588809704250;9707378,13,0
3314663621882040576;1911320613,1,0
1588809705000;9720056,13,0
2017626929202108416;1911320616,1,0
1588809705750;9730242,13,0
720590236522135808;1911320619,1,0
1588809706500;9740162,13,0
-576446456157867008;1911320621,1,0
1588809707250;9750393,13,0
-1873483148837651712;1911320624,1,0
1588809708000;9762525,13,0
-3170519841517442048;1911320627,1,0
1588809708750;9773595,13,0
-4467556534197514240;1911320630,1,0
1588809709500;9783540,13,0
-5764593226877230080;1911320633,1,0
1588809710250;9796686,13,0
-7061629919557090048;1911320636,1,0
1588809711000;9807196,13,0
-8358666612236674560;1911320639,1,0
1588809711750;9818218,13,0
8791040768792667136;1911320642,1,0
1588809712500;9830183,13,0
7494004076113032448;1911320645,1,0
1588809713250;9841383,13,0
6196967383433419008;1911320648,1,0
1588809714000;9855681,13,0
4899930690754234880;1911320651,1,0
1588809714750;9866033,13,0
3602893998074413056;1911320654,1,0
1588809715500;9880753,13,0
2305857305395530752;1911320657,1,0
1588809716250;9893504,13,0
1008820612716058368;1911320660,1,0
1588809717000;9907146,13,0
-288216079962980096;1911320662,1,0
1588809717750;9920174,13,0
-1585252772642748928;1911320665,1,0
1588809718500;9931600,13,0
-2882289465322108160;1911320668,1,0
1588809719250;9946711,13,0
-4179326158001457664;1911320671,1,0
1588809720000;9959608,13,0
-5476362850680585472;1911320674,1,0
1588809720750;9970968,13,0
-6773399543360442624;1911320677,1,0
1588809721500;9982734,13,0
-8070436236040153088;1911320680,1,0
1588809722250;9997058,13,0
9079552619967125760;1911320683,1,0
1588809723000;10010067,13,1
7782515927287723008;1911320686,1,0
1588809723750;10023428,13,1
6485479234608596480;1911320689,1,0
1588809724500;10037383,13,1
5188442541929329920;1911320692,1,0
1588809725250;10050832,13,1
3891405849250239232;1911320695,1,0
1588809726000;10065927,13,1
2594369156571107584;1911320698,1,0
1588809726750;10079022,13,1
1297332463892010496;1911320701,1,0
1588809727500;10092640,13,1
295771213076736;1911320704,1,0
1588809728250;10107950,13,1
-1296740921465725440;1911320706,1,0
1588809729000;10125217,13,1
-2593777614144099328;1911320709,1,0
1588809729750;10141461,13,1
-3890814306822650880;1911320712,1,0
1588809730500;10156337,13,1
-5187850999501635840;1911320715,1,0
1588809731250;10170653,13,1
-6484887692180603648;1911320718,1,0
1588809732000;10184759,13,1
-7781924384859936256;1911320721,1,0
1588809732750;10198182,13,1
-9078961077538788864;1911320724,1,0
1588809733500;10215557,13,1
8070746303492389632;1911320727,1,0
1588809734250;10232525,13,1
6773709610813840384;1911320730,1,0
1588809735000;10247913,13,1
5476672918135440384;1911320733,1,0
1588809735750;10265233,13,1
4179636225456865024;1911320736,1,0
1588809736500;10280222,13,1
2882599532777856256;1911320739,1,0
1588809737250;10295838,13,1
1585562840099461120;1911320742,1,0
1588809738000;10312298,13,1
288526147420682496;1911320745,1,0
1588809738750;10327189,13,1
-1008510545258151936;1911320747,1,0
1588809739500;10342987,13,1
-2305547237936625408;1911320750,1,0
1588809740250;10359968,13,1
-3602583930614721536;1911320753,1,0
1588809741000;10377006,13,1
-4899620623293305600;1911320756,1,0
1588809741750;10393787,13,1
-6196657315971789056;1911320759,1,0
1588809742500;10410442,13,1
-7493694008650217728;1911320762,1,0
1588809743250;10426087,13,1
-8790730701328745216;1911320765,1,0
1588809744000;10444156,13,1
8358976679702779392;1911320768,1,0
1588809744750;10460901,13,1
7061939987024262400;1911320771,1,0
1588809745500;10476115,13,1
5764903294345549568;1911320774,1,0
1588809746250;10492140,13,1
4467866601667099904;1911320777,1,0
1588809747000;10510389,13,1
3170829908988609280;1911320780,1,0
1588809747750;10527660,13,1
1873793216310457344;1911320783,1,0
1588809748500;10544030,13,1
576756523632009472;1911320786,1,0
1588809749250;10562192,13,1
-720280169045716224;1911320788,1,0
1588809750000;10581182,13,1
-2017316861723904768;1911320791,1,0
1588809750750;10599620,13,1
-3314353554401619200;1911320794,1,0
1588809751500;10618582,13,1
-4611390247079614464;1911320797,1,0
1588809752250;10636884,13,1
-5908426939757538560;1911320800,1,0
1588809753000;10656480,13,1
-7205463632435314944;1911320803,1,0
1588809753750;10676824,13,1
-8502500325112770816;1911320806,1,0
1588809754500;10696579,13,1
8647207055919060992;1911320809,1,0
1588809755250;10716996,13,1
7350170363242020864;1911320812,1,0
1588809756000;10738263,13,1
6053133670564779520;1911320815,1,0
1588809756750;10759187,13,1
4756096977887034112;1911320818,1,0
1588809757500;10780138,13,1
3459060285209574912;1911320821,1,0
1588809758250;10799166,13,1
2162023592532225280;1911320824,1,0
1588809759000;10820567,13,1
864986899854580224;1911320827,1,0
1588809759750;10841723,13,1
-432049792822336512;1911320829,1,0
1588809760500;10861896,13,1
-1729086485500185856;1911320832,1,0
1588809761250;10881409,13,1
-3026123178177583616;1911320835,1,0
1588809762000;10901916,13,1
-4323159870855219712;1911320838,1,0
1588809762750;10921270,13,1
-5620196563533073920;1911320841,1,0
1588809763500;10939607,13,1
-6917233256210852864;1911320844,1,0
1588809764250;10961005,13,1
-8214269948888067072;1911320847,1,0
1588809765000;10982615,13,1
8935437432144189952;1911320850,1,0
1588809765750;11003138,13,1
7638400739466788864;1911320853,1,0
1588809766500;11024728,13,1
6341364046789962496;1911320856,1,0
1588809767250;11047426,13,1
5044327354112995584;1911320859,1,0
1588809768000;11069447,13,1
3747290661435990272;1911320862,1,0
1588809768750;11093803,13,1
2450253968759577856;1911320865,1,0
1588809769500;11117850,13,1
1153217276082745344;1911320868,1,0
1588809770250;11139732,13,1
-143819416594225920;1911320870,1,0
1588809771000;11162505,13,1
-1440856109271131648;1911320873,1,0
1588809771750;11183931,13,1
-2737892801948344320;1911320876,1,0
1588809772500;11206857,13,1
-4034929494625457152;1911320879,1,0
1588809773250;11230303,13,1
-5331966187301837312;1911320882,1,0
1588809774000;11253133,13,1
-6629002879978703616;1911320885,1,0
1588809774750;11276182,13,1
-7926039572655699968;1911320888,1,0
1588809775500;11298837,13,1
-9223076265332535296;1911320891,1,0
1588809776250;11320841,13,1
7926631115700397824;1911320894,1,0
1588809777000;11345519,13,1
6629594423023877120;1911320897,1,0
1588809777750;11369436,13,1
5332557730347252224;1911320900,1,0
1588809778500;11391871,13,1
4035521037670320640;1911320903,1,0
1588809779250;11416170,13,1
2738484344993814528;1911320906,1,0
1588809780000;11442935,13,1
1441447652318189824;1911320909,1,0
1588809780750;11467935,13,1
144410959641695232;1911320912,1,0
1588809781500;11494009,13,1
-1152625733034637824;1911320914,1,0
1588809782250;11519981,13,1
-2449662425710178816;1911320917,1,0
1588809783000;11545278,13,1
-3746699118386913024;1911320920,1,0
1588809783750;11570118,13,1
-5043735811063203840;1911320923,1,0
1588809784500;11594919,13,1
-6340772503739245312;1911320926,1,0
1588809785250;11621135,13,1
-7637809196415049728;1911320929,1,0
1588809786000;11647127,13,1
-8934845889091150080;1911320932,1,0
1588809786750;11675721,13,1
8214861491942553600;1911320935,1,0
1588809787500;11701616,13,1
6917824799267044096;1911320938,1,0
1588809788250;11729355,13,1
5620788106591157248;1911320941,1,0
1588809789000;11756140,13,1
4323751413915238144;1911320944,1,0
1588809789750;11782357,13,1
3026714721239106816;1911320947,1,0
1588809790500;11807725,13,1
1729678028563163648;1911320950,1,0
1588809791250;11834834,13,1
432641335887361280;1911320953,1,0
1588809792000;11862596,13,1
-864395356788352768;1911320955,1,0
1588809792750;11887963,13,1
-2161432049464385024;1911320958,1,0
1588809793500;11914302,13,1
-3458468742140109056;1911320961,1,0
1588809794250;11942750,13,1
-4755505434815515904;1911320964,1,0
1588809795000;11972450,13,1
-6052542127490724352;1911320967,1,0
1588809795750;11999712,13,1
-7349578820166646272;1911320970,1,0
1588809796500;12028859,13,1
-8646615512841612800;1911320973,1,0
1588809797250;12059222,13,1
8503091868193011968;1911320976,1,0
1588809798000;12088916,13,1
7206055175518087680;1911320979,1,0
1588809798750;12119304,13,1
5909018482842729984;1911320982,1,0
1588809799500;12147646,13,1
4611981790167565568;1911320985,1,0
1588809800250;12177682,13,1
3314945097492663808;1911320988,1,0
1588809801000;12209110,13,1
2017908404817727232;1911320991,1,0
1588809801750;12238344,13,1
720871712142637312;1911320994,1,0
1588809802500;12266539,13,1
-576164980532944896;1911320996,1,0
1588809803250;12296012,13,1
-1873201673208066560;1911320999,1,0
1588809804000;12325907,13,1
-3170238365883183616;1911321002,1,0
1588809804750;12354200,13,1
-4467275058558253056;1911321005,1,0
1588809805500;12385506,13,1
-5764311751233379328;1911321008,1,0
1588809806250;12414966,13,1
-7061348443907926784;1911321011,1,0
1588809807000;12445740,13,1
-8358385136583077888;1911321014,1,0
1588809807750;12477451,13,1
8791322244451833088;1911321017,1,0
1588809808500;12508089,13,1
7494285551776896512;1911321020,1,0
1588809809250;12540171,13,1
6197248859102789120;1911321023,1,0
1588809810000;12570512,13,1
4900212166427970304;1911321026,1,0
1588809810750;12602861,13,1
3603175473753336576;1911321029,1,0
1588809811500;12634078,13,1
2306138781078838016;1911321032,1,0
1588809812250;12666542,13,1
1009102088404129792;1911321035,1,0
1588809813000;12696718,13,1
-287934604270677248;1911321037,1,0
1588809813750;12728768,13,1
-1584971296945374976;1911321040,1,0
1588809814500;12760621,13,1
-2882007989619896832;1911321043,1,0
1588809815250;12791216,13,1
-4179044682294440704;1911321046,1,0
1588809816000;12825147,13,1
-5476081374968321280;1911321049,1,0
1588809816750;12859053,13,1
-6773118067642334208;1911321052,1,0
1588809817500;12892505,13,1
-8070154760316468480;1911321055,1,0
1588809818250;12927996,13,1
9079552620719294208;1911321058,1,0
1588809819000;12962650,13,1
7782515928045625088;1911321061,1,0
1588809819750;12995618,13,1
6485479235371118592;1911321064,1,0
1588809820500;13030631,13,1
5188442542697488384;1911321067,1,0
1588809821250;13064915,13,1
3891405850023323392;1911321070,1,0
1588809822000;13098210,13,1
2594369157349139456;1911321073,1,0
1588809822750;13132079,13,1
1297332464675181568;1911321076,1,0
1588809823500;13166408,13,1
295772001640448;1911321079,1,0
1588809824250;13203236,13,1
-1296740920672041216;1911321081,1,0
1588809825000;13238054,13,1
-2593777613345636352;1911321084,1,0
1588809825750;13273432,13,1
-3890814306019062784;1911321087,1,0
1588809826500;13309638,13,1
-5187850998692582912;1911321090,1,0
1588809827250;13345319,13,1
-6484887691366174976;1911321093,1,0
1588809828000;13380520,13,1
-7781924384039866112;1911321096,1,0
1588809828750;13417114,13,1
-9078961076713389312;1911321099,1,0
1588809829500;13453069,13,1
8070746304323007488;1911321102,1,0
1588809830250;13490997,13,1
6773709611649927424;1911321105,1,0
1588809831000;13527999,13,1
5476672918976766976;1911321108,1,0
1588809831750;13564015,13,1
4179636226303111168;1911321111,1,0
1588809832500;13601117,13,1
2882599533630350848;1911321114,1,0
1588809833250;13641367,13,1
1585562840957741824;1911321117,1,0
1588809834000;13680130,13,1
288526148284831744;1911321120,1,0
1588809834750;13718944,13,1
-1008510544387838208;1911321122,1,0
1588809835500;13756754,13,1
-2305547237060552704;1911321125,1,0
1588809836250;13795303,13,1
-3602583929733731840;1911321128,1,0
1588809837000;13834491,13,1
-4899620622406136832;1911321131,1,0
1588809837750;13873074,13,1
-6196657315079157760;1911321134,1,0
1588809838500;13913340,13,1
-7493694007751348992;1911321137,1,0
1588809839250;13952243,13,1
-8790730700424131840;1911321140,1,0
1588809840000;13992759,13,1
8358976680612774912;1911321143,1,0
1588809840750;14031245,13,1
7061939987939905792;1911321146,1,0
1588809841500;14071720,13,1
5764903295268112384;1911321149,1,0
1588809842250;14111968,13,1
4467866602595512064;1911321152,1,0
1588809843000;14153442,13,1
3170829909923137280;1911321155,1,0
1588809843750;14191992,13,1
1873793217250399232;1911321158,1,0
1588809844500;14231347,13,1
576756524578136320;1911321161,1,0
1588809845250;14271891,13,1
-720280168094082304;1911321163,1,0
1588809846000;14313015,13,1
-2017316860766268672;1911321166,1,0
1588809846750;14354469,13,1
-3314353553438712320;1911321169,1,0
1588809847500;14396486,13,1
-4611390246110661888;1911321172,1,0
1588809848250;14437577,13,1
-5908426938782577664;1911321175,1,0
1588809849000;14481232,13,1
-7205463631454226688;1911321178,1,0
1588809849750;14524536,13,1
-8502500324125999872;1911321181,1,0
1588809850500;14564441,13,1
8647207056911580416;1911321184,1,0
1588809851250;14607127,13,1
7350170364239447808;1911321187,1,0
1588809852000;14648026,13,1
6053133671567306240;1911321190,1,0
1588809852750;14689316,13,1
4756096978895407360;1911321193,1,0
1588809853500;14732972,13,1
3459060286223845888;1911321196,1,0
1588809854250;14776799,13,1
2162023593552540928;1911321199,1,0
1588809855000;14819359,13,1
864986900880576768;1911321202,1,0
1588809855750;14861077,13,1
-432049791791331840;1911321204,1,0
1588809856500;14906532,13,1
-1729086484462582528;1911321207,1,0
1588809857250;14951426,13,1
-3026123177133933568;1911321210,1,0
1588809858000;14996171,13,1
-4323159869805080576;1911321213,1,0
1588809858750;15041419,13,1
-5620196562475868928;1911321216,1,0
1588809859500;15086634,13,1
-6917233255146922240;1911321219,1,0
1588809860250;15132485,13,1
-8214269947818195200;1911321222,1,0
1588809861000;15178084,13,1
8935437433220414208;1911321225,1,0
1588809861750;15224855,13,1
7638400740549903616;1911321228,1,0
1588809862500;15272570,13,1
6341364047879444224;1911321231,1,0
1588809863250;15319449,13,1
5044327355208765696;1911321234,1,0
1588809864000;15366472,13,1
3747290662538043904;1911321237,1,0
1588809864750;15411513,13,1
2450253969866575360;1911321240,1,0
1588809865500;15457649,13,1
1153217277195999232;1911321243,1,0
1588809866250;15505003,13,1
-143819415474840576;1911321245,1,0
1588809867000;15550889,13,1
-1440856108145897728;1911321248,1,0
1588809867750;15597174,13,1
-2737892800816338432;1911321251,1,0
1588809868500;15645149,13,1
-4034929493487122432;1911321254,1,0
1588809869250;15691750,13,1
-5331966186157894144;1911321257,1,0
1588809870000;15739066,13,1
-6629002878827965440;1911321260,1,0
1588809870750;15788357,13,1
-7926039571498221312;1911321263,1,0
1588809871500;15836084,13,1
-9223076264168681984;1911321266,1,0
1588809872250;15883899,13,1
7926631116870365952;1911321269,1,0
1588809873000;15932405,13,1
6629594424199930624;1911321272,1,0
1588809873750;15981257,13,1
5332557731530041856;1911321275,1,0
1588809874500;16030422,13,1
4035521038860043008;1911321278,1,0
1588809875250;16081007,13,1
2738484346189978112;1911321281,1,0
1588809876000;16128680,13,1
1441447653519719680;1911321284,1,0
1588809876750;16179785,13,1
144410960849976064;1911321287,1,0
1588809877500;16230120,13,1
-1152625731819742464;1911321289,1,0
1588809878250;16281799,13,1
-2449662424488987904;1911321292,1,0
1588809879000;16332798,13,1
-3746699117158610432;1911321295,1,0
1588809879750;16386155,13,1
-5043735809827640320;1911321298,1,0
1588809880500;16437408,13,1
-6340772502497579264;1911321301,1,0
1588809881250;16487754,13,1
-7637809195167392000;1911321304,1,0
1588809882000;16540410,13,1
-8934845887836442112;1911321307,1,0
1588809882750;16591844,13,1
8214861493203897088;1911321310,1,0
1588809883500;16645510,13,1
6917824800534556160;1911321313,1,0
1588809884250;16696528,13,1
5620788107865179648;1911321316,1,0
1588809885000;16751409,13,1
4323751415196628992;1911321319,1,0
1588809885750;16804765,13,1
3026714722527567616;1911321322,1,0
1588809886500;16857466,13,1
1729678029858041344;1911321325,1,0
1588809887250;16907824,13,1
432641337188203008;1911321328,1,0
1588809888000;16960081,13,1
-864395355480925440;1911321330,1,0
1588809888750;17012191,13,1
-2161432048150027264;1911321333,1,0
1588809889500;17065107,13,1
-3458468740819185664;1911321336,1,0
1588809890250;17120423,13,1
-4755505433487655936;1911321339,1,0
1588809891000;17175542,13,1
-6052542126156659456;1911321342,1,0
1588809891750;17229056,13,1
-7349578818825705728;1911321345,1,0
1588809892500;17283086,13,1
-8646615511494593024;1911321348,1,0
1588809893250;17335468,13,1
8503091869546002432;1911321351,1,0
1588809894000;17390676,13,1
7206055176877643264;1911321354,1,0
1588809894750;17445146,13,1
5909018484208940032;1911321357,1,0
1588809895500;17501759,13,1
4611981791540206336;1911321360,1,0
1588809896250;17557212,13,1
3314945098871958272;1911321363,1,0
1588809897000;17613700,13,1
2017908406203725568;1911321366,1,0
1588809897750;17668080,13,1
720871713534831360;1911321369,1,0
1588809898500;17722456,13,1
-576164979133607680;1911321371,1,0
1588809899250;17777754,13,1
-1873201671802175488;1911321374,1,0
1588809900000;17833651,13,1
-3170238364470690816;1911321377,1,0
1588809900750;17889319,13,1
-4467275057139134208;1911321380,1,0
1588809901500;17948028,13,1
-5764311749806732800;1911321383,1,0
1588809902250;18006627,13,2
-7061066967497754112;1911321386,1,0
1588809903000;18064871,13,2
-8358103660165747712;1911321389,1,0
1588809903750;18121556,13,2
8791603720875915264;1911321392,1,0
1588809904500;18181236,13,2
7494567028208221440;1911321395,1,0
1588809905250;18240799,13,2
6197530335541349632;1911321398,1,0
1588809906000;18302851,13,2
4900493642874117120;1911321401,1,0
1588809906750;18361999,13,2
3603456950206473984;1911321404,1,0
1588809907500;18420517,13,2
2306420257538844928;1911321407,1,0
1588809908250;18480182,13,2
1009383564871387392;1911321410,1,0
1588809909000;18538989,13,2
-287653127795798272;1911321412,1,0
1588809909750;18601164,13,2
-1584689820462693120;1911321415,1,0
1588809910500;18662141,13,2
-2881726513129843456;1911321418,1,0
1588809911250;18722886,13,2
-4178763205796817664;1911321421,1,0
1588809912000;18784487,13,2
-5475799898463919872;1911321424,1,0
1588809912750;18844569,13,2
-6772836591131356160;1911321427,1,0
1588809913500;18906440,13,2
-8069873283797827328;1911321430,1,0
1588809914250;18969267,13,2
9079834097244907520;1911321433,1,0
1588809915000;19031460,13,2
7782797404577910016;1911321436,1,0
1588809915750;19093355,13,2
6485760711911463680;1911321439,1,0
1588809916500;19156190,13,2
5188724019244892416;1911321442,1,0
1588809917250;19220978,13,2
3891687326578489600;1911321445,1,0
1588809918000;19285999,13,2
2594650633912778240;1911321448,1,0
1588809918750;19350658,13,2
1297613941246514944;1911321451,1,0
1588809919500;19415392,13,2
577248580468480;1911321454,1,0
1588809920250;19480275,13,2
-1296459444085593088;1911321456,1,0
1588809921000;19544408,13,2
-2593496136751891968;1911321459,1,0
1588809921750;19609165,13,2
-3890532829417858304;1911321462,1,0
1588809922500;19674493,13,2
-5187569522084224000;1911321465,1,0
1588809923250;19739707,13,2
-6484606214749902336;1911321468,1,0
1588809924000;19804538,13,2
-7781642907415948544;1911321471,1,0
1588809924750;19869958,13,2
-9078679600082041088;1911321474,1,0
1588809925500;19934984,13,2
8071027780961364736;1911321477,1,0
1588809926250;20001745,13,2
6773991088295732736;1911321480,1,0
1588809927000;20066905,13,2
5476954395629951488;1911321483,1,0
1588809927750;20135538,13,2
4179917702964718848;1911321486,1,0
1588809928500;20201992,13,2
2882881010299049472;1911321489,1,0
1588809929250;20270015,13,2
1585844317634152448;1911321492,1,0
1588809930000;20338691,13,2
288807624968485888;1911321495,1,0
1588809930750;20406793,13,2
-1008229067696426752;1911321497,1,0
1588809931500;20475860,13,2
-2305265760361366016;1911321500,1,0
1588809932250;20546686,13,2
-3602302453026136832;1911321503,1,0
1588809933000;20614782,13,2
-4899339145691132160;1911321506,1,0
1588809933750;20684211,13,2
-6196375838356255744;1911321509,1,0
1588809934500;20753347,13,2
-7493412531020868096;1911321512,1,0
1588809935250;20824419,13,2
-8790449223685489664;1911321515,1,0
1588809936000;20894098,13,2
8359258157358915584;1911321518,1,0
1588809936750;20962666,13,2
7062221464694192640;1911321521,1,0
1588809937500;21034274,13,2
5765184772029375744;1911321524,1,0
1588809938250;21102740,13,2
4468148079364640768;1911321527,1,0
1588809939000;21174339,13,2
3171111386700277760;1911321530,1,0
1588809939750;21244914,13,2
1874074694035660544;1911321533,1,0
1588809940500;21315754,13,2
577038001370915840;1911321536,1,0
1588809941250;21388109,13,2
-719998691292958720;1911321538,1,0
1588809942000;21461038,13,2
-2017035383957225728;1911321541,1,0
1588809942750;21534278,13,2
-3314072076620956416;1911321544,1,0
1588809943500;21607910,13,2
-4611108769285192704;1911321547,1,0
1588809944250;21681135,13,2
-5908145461948947712;1911321550,1,0
1588809945000;21752406,13,2
-7205182154613469440;1911321553,1,0
1588809945750;21826066,13,2
-8502218847277062400;1911321556,1,0
1588809946500;21899094,13,2
8647488533768209664;1911321559,1,0
1588809947250;21972899,13,2
7350451841104530688;1911321562,1,0
1588809948000;22046870,13,2
6053415148440834816;1911321565,1,0
1588809948750;22121215,13,2
4756378455777438720;1911321568,1,0
1588809949500;22196675,13,2
3459341763113915136;1911321571,1,0
1588809950250;22272005,13,2
2162305070450272000;1911321574,1,0
1588809951000;22346957,13,2
865268377787152896;1911321577,1,0
1588809951750;22425294,13,2
-431768314875617024;1911321579,1,0
1588809952500;22499274,13,2
-1728805007539448576;1911321582,1,0
1588809953250;22574268,13,2
-3025841700202963456;1911321585,1,0
1588809954000;22650449,13,2
-4322878392865892608;1911321588,1,0
1588809954750;22727200,13,2
-5619915085529338880;1911321591,1,0
1588809955500;22804167,13,2
-6916951778191991040;1911321594,1,0
1588809956250;22880214,13,2
-8213988470855055616;1911321597,1,0
1588809957000;22957767,13,2
8935718910191735552;1911321600,1,0
1588809957750;23037000,13,2
7638682217529284096;1911321603,1,0
1588809958500;23115539,13,2
6341645524866246400;1911321606,1,0
1588809959250;23191159,13,2
5044608832203415808;1911321609,1,0
1588809960000;23271961,13,2
3747572139541447936;1911321612,1,0
1588809960750;23352077,13,2
2450535446878796288;1911321615,1,0
1588809961500;23430512,13,2
1153498754216305664;1911321618,1,0
1588809962250;23510076,13,2
-143537938445951232;1911321620,1,0
1588809963000;23589310,13,2
-1440574631108216320;1911321623,1,0
1588809963750;23670773,13,2
-2737611323770072064;1911321626,1,0
1588809964500;23751579,13,2
-4034648016432325120;1911321629,1,0
1588809965250;23831990,13,2
-5331684709094115584;1911321632,1,0
1588809966000;23911515,13,2
-6628721401756310272;1911321635,1,0
1588809966750;23991864,13,2
-7925758094418502144;1911321638,1,0
1588809967500;24074949,13,2
-9222794787079941888;1911321641,1,0
1588809968250;24157593,13,2
7926912593968168448;1911321644,1,0
1588809969000;24241061,13,2
6629875901306612224;1911321647,1,0
1588809969750;24323386,13,2
5332839208645266944;1911321650,1,0
1588809970500;24406394,13,2
4035802515983860992;1911321653,1,0
1588809971250;24491022,13,2
2738765823322498560;1911321656,1,0
1588809972000;24574342,13,2
1441729130661216000;1911321659,1,0
1588809972750;24658687,13,2
144692437999948288;1911321662,1,0
1588809973500;24741851,13,2
-1152344254660881152;1911321664,1,0
1588809974250;24826908,13,2
-2449380947321751552;1911321667,1,0
1588809975000;24913080,13,2
-3746417639982653184;1911321670,1,0
1588809975750;24996338,13,2
-5043454332643886848;1911321673,1,0
1588809976500;25083659,13,2
-6340491025304590336;1911321676,1,0
1588809977250;25167515,13,2
-7637527717965748736;1911321679,1,0
1588809978000;25253874,13,2
-8934564410626033408;1911321682,1,0
1588809978750;25339867,13,2
8215142970422601472;1911321685,1,0
1588809979500;25425238,13,2
6918106277761758464;1911321688,1,0
1588809980250;25510940,13,2
5621069585101286144;1911321691,1,0
1588809981000;25598345,13,2
4324032892440693504;1911321694,1,0
1588809981750;25684985,13,2
3026996199780499968;1911321697,1,0
1588809982500;25772472,13,2
1729959507120298496;1911321700,1,0
1588809983250;25861785,13,2
432922814460495360;1911321703,1,0
1588809984000;25950108,13,2
-864113878199901952;1911321705,1,0
1588809984750;26039336,13,2
-2161150570859512064;1911321708,1,0
1588809985500;26129700,13,2
-3458187263519280896;1911321711,1,0
1588809986250;26217188,13,2
-4755223956179603712;1911321714,1,0
1588809987000;26305955,13,2
-6052260648839600128;1911321717,1,0
1588809987750;26394271,13,2
-7349297341499152128;1911321720,1,0
1588809988500;26484965,13,2
-8646334034159019520;1911321723,1,0
1588809989250;26575513,13,2
8503373346891304704;1911321726,1,0
1588809990000;26666851,13,2
7206336654232016896;1911321729,1,0
1588809990750;26757098,13,2
5909299961572555264;1911321732,1,0
1588809991500;26848441,13,2
4612263268913201664;1911321735,1,0
1588809992250;26941127,13,2
3315226576254219776;1911321738,1,0
1588809993000;27034193,13,2
2018189883595095296;1911321741,1,0
1588809993750;27126947,13,2
721153190936129792;1911321744,1,0
1588809994500;27221161,13,2
-575883501722204672;1911321746,1,0
1588809995250;27314878,13,2
-1872920194380830208;1911321749,1,0
1588809996000;27408593,13,2
-3169956887039720448;1911321752,1,0
1588809996750;27504426,13,2
-4466993579697763840;1911321755,1,0
1588809997500;27598542,13,2
-5764030272356179200;1911321758,1,0
1588809998250;27693102,13,2
-7061066965014599680;1911321761,1,0
1588809999000;27789987,13,2
-8358103657672936448;1911321764,1,0
1588809999750;27884734,13,2
8791603723378121728;1911321767,1,0
1588810000500;27977390,13,2
7494567030719376896;1911321770,1,0
1588810001250;28073841,13,2
6197530338061673216;1911321773,1,0
1588810002000;28171391,13,2
4900493645403739392;1911321776,1,0
1588810002750;28266772,13,2
3603456952745478656;1911321779,1,0
1588810003500;28363382,13,2
2306420260087535616;1911321782,1,0
1588810004250;28458709,13,2
1009383567429141760;1911321785,1,0
1588810005000;28555482,13,2
-287653125228491520;1911321787,1,0
1588810005750;28652826,13,2
-1584689817886561536;1911321790,1,0
1588810006500;28750835,13,2
-2881726510543940096;1911321793,1,0
1588810007250;28851242,13,2
-4178763203201144832;1911321796,1,0
1588810008000;28949054,13,2
-5475799895858792960;1911321799,1,0
1588810008750;29045831,13,2
-6772836588516217856;1911321802,1,0
1588810009500;29147150,13,2
-8069873281173221120;1911321805,1,0
1588810010250;29246325,13,2
9079834099879334400;1911321808,1,0
1588810011000;29347226,13,2
7782797407222074368;1911321811,1,0
1588810011750;29447565,13,2
6485760714565145344;1911321814,1,0
1588810012500;29547174,13,2
5188724021908331776;1911321817,1,0
1588810013250;29649788,13,2
3891687329251696640;1911321820,1,0
1588810014000;29751599,13,2
2594650636595327744;1911321823,1,0
1588810014750;29853172,13,2
1297613943938637568;1911321826,1,0
1588810015500;29954139,13,2
577251281773312;1911321829,1,0
1588810016250;30055666,13,2
-1296459441375390464;1911321831,1,0
1588810017000;30158521,13,2
-2593496134031271680;1911321834,1,0
1588810017750;30262462,13,2
-3890532826687509248;1911321837,1,0
1588810018500;30364341,13,2
-5187569519343857152;1911321840,1,0
1588810019250;30469132,13,2
-6484606212000151040;1911321843,1,0
1588810020000;30573390,13,2
-7781642904655713280;1911321846,1,0
1588810020750;30677847,13,2
-9078679597311813888;1911321849,1,0
1588810021500;30784043,13,2
8071027783742429184;1911321852,1,0
1588810022250;30888690,13,2
6773991091086146048;1911321855,1,0
1588810023000;30993655,13,2
5476954398430269184;1911321858,1,0
1588810023750;31100713,13,2
4179917705774969344;1911321861,1,0
1588810024500;31205416,13,2
2882881013119494656;1911321864,1,0
1588810025250;31312274,13,2
1585844320463926528;1911321867,1,0
1588810026000;31416984,13,2
288807627808154880;1911321870,1,0
1588810026750;31522837,13,2
-1008229064847551232;1911321872,1,0
1588810027500;31629935,13,2
-2305265757502408192;1911321875,1,0
1588810028250;31740908,13,2
-3602302450157176576;1911321878,1,0
1588810029000;31848490,13,2
-4899339142811777024;1911321881,1,0
1588810029750;31959219,13,2
-6196375835466189312;1911321884,1,0
1588810030500;32068012,13,2
-7493412528121032704;1911321887,1,0
1588810031250;32179244,13,2
-8790449220775243520;1911321890,1,0
1588810032000;32290555,13,2
8359258160279929600;1911321893,1,0
1588810032750;32399457,13,2
7062221467625121536;1911321896,1,0
1588810033500;32509815,13,2
5765184774970812416;1911321899,1,0
1588810034250;32619489,13,2
4468148082315866624;1911321902,1,0
1588810035000;32729051,13,2
3171111389661633280;1911321905,1,0
1588810035750;32839419,13,2
1874074697007173376;1911321908,1,0
1588810036500;32949286,13,2
577038004352257536;1911321911,1,0
1588810037250;33060761,13,2
-719998688301389568;1911321913,1,0
1588810038000;33175081,13,2
-2017035380954742784;1911321916,1,0
8808168285;0,0,0
0;0,0,0
0;0,0,0
0;0,0,0
0;0,0,0
0;0,0,0
0;0,0,0
0;0,0,0
0;0,0,0
0;0,0,0
0;0,0,0
0;0,0,0
0;0,0,0
0;0,0,0
0;0,0,0
0;0,0,0
0;0,0,0
0;0,0,0
0;0,0,0
0;0,0,0
0;0,0,0
0;0,0,0
0;0,0,0
0;0,0,0
0;0,0,0
0;0,0,0
0;0,0,0
0;0,0,0
0;0,0,0
0;0,0,0
0;0,0,0
0;0,0,0
0;0,0,0
0;0,0,0
0;0,0,0
0;0,0,0
0;0,0,0
0;0,0,0
0;0,0,0
0;0,0,0
0;0,0,0
0;0,0,0
0;0,0,0
0;0,0,0
0;0,0,0
0;0,0,0
0;0,0,0
0;0,0,0
0;0,0,0
0;0,0,0
0;0,0,0
0;0,0,0
0;0,0,0
0;0,0,0
0;0,0,0
0;0,0,0
0;0,0,0
0;0,0,0
0;0,0,0
0;0,0,0
0;0,0,0
0;0,0,0
0;0,0,0
0;0,0,0
0;0,0,0
0;0,0,0
0;0,0,0
0;0,0,0
0;0,0,0
0;0,0,0
0;0,0,0
0;0,0,0
0;0,0,0
0;0,0,0
0;0,0,0
0;0,0,0
0;0,0,0
0;0,0,0
0;0,0,0
0;0,0,0
0;0,0,0
0;0,0,0
0;0,0,0
0;0,0,0
0;0,0,0
0;0,0,0
0;0,0,0
0;0,0,0
0;0,0,0
0;0,0,0
0;0,0,0
0;0,0,0
0;0,0,0
0;0,0,0
0;0,0,0
0;0,0,0
0;0,0,0
0;0,0,0
0;0,0,0
0;0,0,0
0;0,0,0
0;0,0,0
0;0,0,0
0;0,0,0
0;0,0,0
0;0,0,0
0;0,0,0
0;0,0,0
0;0,0,0
0;0,0,0
0;0,0,0
0;0,0,0
0;0,0,0
0;0,0,0
0;0,0,0
0;0,0,0
0;0,0,0
0;0,0,0
0;0,0,0
0;0,0,0
0;0,0,0
0;0,0,0
0;0,0,0
0;0,0,0
0;0,0,0
0;0,0,0
0;0,0,0
0;0,0,0
0;0,0,0
0;0,0,0
0;0,0,0
0;0,0,0
0;0,0,0
0;0,0,0
0;0,0,0
0;0,0,0
0;0,0,0
0;0,0,0
0;0,0,0
0;0,0,0
0;0,0,0
0;0,0,0
0;0,0,0
0;0,0,0
0;0,0,0
0;0,0,0
0;0,0,0
0;0,0,0
0;0,0,0
0;0,0,0
0;0,0,0
0;0,0,0
0;0,0,0
0;0,0,0
0;0,0,0
0;0,0,0
0;0,0,0
0;0,0,0
0;0,0,0
0;0,0,0
0;0,0,0
0;0,0,0
0;0,0,0
0;0,0,0
0;0,0,0
0;0,0,0
0;0,0,0
0;0,0,0
0;0,0,0
0;0,0,0
0;0,0,0
0;0,0,0
0;0,0,0
0;0,0,0
0;0,0,0
0;0,0,0
0;0,0,0
0;0,0,0
0;0,0,0
0;0,0,0
0;0,0,0
0;0,0,0
0;0,0,0
0;0,0,0
0;0,0,0
0;0,0,0
0;0,0,0
0;0,0,0
0;0,0,0
0;0,0,0
0;0,0,0
0;0,0,0
0;0,0,0
0;0,0,0
0;0,0,0
0;0,0,0
0;0,0,0
0;0,0,0
0;0,0,0
0;0,0,0
0;0,0,0
0;0,0,0
0;0,0,0
0;0,0,0
0;0,0,0
0;0,0,0
0;0,0,0
0;0,0,0
0;0,0,0
0;0,0,0
0;0,0,0
0;0,0,0
0;0,0,0
0;0,0,0
0;0,0,0
0;0,0,0
0;0,0,0
0;0,0,0
0;0,0,0
0;0,0,0
0;0,0,0
0;0,0,0
0;0,0,0
0;0,0,0
0;0,0,0
0;0,0,0
0;0,0,0
0;0,0,0
0;0,0,0
0;0,0,0
0;0,0,0
0;0,0,0
0;0,0,0
0;0,0,0
0;0,0,0
0;0,0,0
0;0,0,0
0;0,0,0
0;0,0,0
0;0,0,0
0;0,0,0
0;0,0,0
0;0,0,0
0;0,0,0
0;0,0,0
0;0,0,0
0;0,0,0
0;0,0,0
0;0,0,0
0;0,0,0
0;0,0,0
0;0,0,0
0;0,0,0
0;0,0,0
0;0,0,0
0;0,0,0
0;0,0,0
0;0,0,0
0;0,0,0
0;0,0,0
0;0,0,0
0;0,0,0
0;0,0,0
0;0,0,0
0;0,0,0
0;0,0,0
0;0,0,0
0;0,0,0
0;0,0,0
0;0,0,0
0;0,0,0
0;0,0,0
0;0,0,0
0;0,0,0
0;0,0,0
0;0,0,0
0;0,0,0
0;0,0,0
0;0,0,0
0;0,0,0
0;0,0,0
0;0,0,0
0;0,0,0
0;0,0,0
0;0,0,0
0;0,0,0
0;0,0,0
0;0,0,0
0;0,0,0
0;0,0,0
0;0,0,0
0;0,0,0
0;0,0,0
0;0,0,0
0;0,0,0
0;0,0,0
0;0,0,0
0;0,0,0
0;0,0,0
0;0,0,0
0;0,0,0
0;0,0,0
0;0,0,0
0;0,0,0
0;0,0,0
0;0,0,0
0;0,0,0
0;0,0,0
0;0,0,0
0;0,0,0
0;0,0,0
0;0,0,0
0;0,0,0
0;0,0,0
0;0,0,0
0;0,0,0
0;0,0,0
0;0,0,0
0;0,0,0
0;-1798149205,-88,127
85899345924;3,71,78
1860180968234720009;-2079795495,-66,88
18504529179;16,1,0
5590599;3,2,0
0;0,0,0
0;3,0,0
0;1119430704,-2,127
140362027941888;-1798028128,-88,127
140730017850992;1119429728,-2,127
140730017852128;-1798144989,-88,127
0;151552,0,0
149824;149824,0,0
0;1,0,0
151552;1691648,0,0
1689012;1689012,0,0
151552;5,0,0
1691648;1994752,0,0
1994085;1994085,0,0
1691648;1,0,0
1998848;2023424,0,0
2020880;2036952,0,0
1994752;3,0,0
0;0,0,0
0;0,0,0
0;0,0,0
0;0,0,0
0;0,0,0
0;0,0,0
0;0,0,0
0;0,0,0
0;0,0,0
0;0,0,0
0;0,0,0
0;0,0,0
0;0,0,0
0;0,0,0
0;0,0,0
0;0,0,0
0;0,0,0
0;0,0,0
0;0,0,0
0;0,0,0
0;0,0,0
0;0,0,0
0;0,0,0
0;0,0,0
0;0,0,0
0;0,0,0
0;0,0,0
0;-1798123133,-88,127
1879047679;1119431392,-2,127
140362027941888;-1798145410,-88,127
17179869190;64,0,0
64;64,0,0
784;784,0,0
8;3,4,0
1840800;1840800,0,0
1840800;28,0,0
28;16,0,0
17179869185;0,0,0
0;0,0,0
149824;149824,0,0
4096;1,5,0
151552;151552,0,0
151552;1537460,0,0
1537460;4096,0,0
17179869185;1691648,0,0
1691648;1691648,0,0
302437;302437,0,0
4096;1,6,0
1996288;2000384,0,0
2000384;20496,0,0
36568;4096,0,0
25769803778;2005888,0,0
2009984;2009984,0,0
480;480,0,0
8;4,4,0
848;848,0,0
848;32,0,0
32;8,0,0
17179869188;880,0,0
880;880,0,0
68;68,0,0
4;7,4,0
1996288;2000384,0,0
2000384;16,0,0
144;8,0,0
18865251667;848,0,0
848;848,0,0
32;32,0,0
8;1685382480,4,0
1840828;1840828,0,0
1840828;24260,0,0
24260;4,0,0
27455186257;0,0,0
0;0,0,0
0;0,0,0
16;1685382482,4,0
1996288;2000384,0,0
2000384;10752,0,0
10752;1,0,0
140730017852272;-1798148457,-88,127
1996288;2000384,0,0
140362027939032;16,3,0
2036952;0,0,0
140730017850992;0,0,0
140362028219920;104559969,-36,85
6;-1798275072,-88,127
140362028216672;1119431536,-2,127
12884901888;1119429584,-2,127
2053;919690,0,0
2053;919690,0,0
1;33261,0,0
0;0,0,0
2029224;4096,0,0
3968;1621265816,0,0
836308902;1608116695,0,0
0;1612434913,0,0
998951897;0,0,0
0;0,0,0
0;0,0,0
140362028216720;-1798100020,-88,127
140362028212320;0,0,0
0;-1798134551,-88,127
1;0,0,0
140730017852264;0,0,0
1;0,0,0
140362028219920;-1797983856,-88,127
0;0,0,0
10;0,0,0
0;0,0,0
140362028219920;1119434912,-2,127
832;1179403647,2,1
0;4063235,1,0
160240;64,0,0
2024808;0,64,0
19140594773262350;6,4,0
64;64,0,0
64;784,0,0
784;8,0,0
17179869187;1840800,0,0
1840800;1840800,0,0
28;28,0,0
16;1,4,0
0;0,0,0
0;149824,0,0
149824;4096,0,0
21474836481;151552,0,0
151552;151552,0,0
1537460;1537460,0,0
4096;1,4,0
1691648;1691648,0,0
1691648;302437,0,0
302437;4096,0,0
25769803777;1996288,0,0
2000384;2000384,0,0
20496;36568,0,0
4096;2,6,0
2005888;2009984,0,0
2009984;480,0,0
480;8,0,0
17179869188;848,0,0
848;848,0,0
32;32,0,0
8;4,4,0
880;880,0,0
880;68,0,0
68;4,0,0
17179869191;1996288,0,0
2000384;2000384,0,0
16;144,0,0
8;1685382483,4,0
848;848,0,0
848;32,0,0
32;8,0,0
18865251664;1840828,0,0
1840828;1840828,0,0
24260;24260,0,0
4;1685382481,6,0
0;0,0,0
0;0,0,0
0;16,0,0
18865251666;1996288,0,0
2000384;1119432960,-2,127
140730017854832;0,0,0
140362027941888;-1800187322,-88,127
0;-1798114043,-88,127
0;-1798054742,-88,127
140730017853664;0,0,0
140362028086480;1119432960,-2,127
140730017853664;0,0,0
140730017853664;-1798073153,-88,127
65537;1793064960,114,-123
140362027912064;1119432512,-2,127
0;-1798257392,-88,127
1;-1188691968,1,0
94403485726049;0,0,0
-979173654921216;0,0,0
0;-1798257400,-88,127
4294967298;1119432496,-2,127
0;3,0,0
3;-1798257408,-88,127
0;0,0,0
140730017854832;-1798111615,-88,127
140359531233281;-1797985816,-88,127
0;-1798112941,-88,127
94403381166081;-1798258688,-88,127
140730017853424;-1798112941,-88,127
1;-1797983856,-88,127
140730017853456;0,0,0
0;0,0,0
0;0,0,0
140730017853488;1119433024,-2,127
140730017853456;2,0,0
12884901888;1119432688,-2,127
0;0,0,0
140730017853424;-1797983856,-88,127
140730017853696;0,-2,127
0;-1800211664,-88,127
0;0,0,0
0;0,0,0
140362027941888;0,0,0
140362025988912;-1800187322,-88,127
140362028214760;0,0,0
140730017853760;1024,0,0
140362028214760;0,0,0
0;0,0,0
0;0,0,0
0;0,0,0
0;0,0,0
0;0,0,0
0;0,0,0
0;0,0,0
0;0,0,0
0;0,0,0
0;0,0,0
0;0,0,0
0;0,0,0
0;0,0,0
0;-1798130596,-88,127
140362027941888;1736415839,0,0
140362028025216;-1798256200,-88,127
140362025923416;-1798129526,-88,127
195;-1800211664,-88,127
140362027941888;1119433496,-2,127
140730017854228;0,0,0
140362025988912;0,0,0
0;-1800268472,-88,127
140362028026305;1736415839,0,0
27131497;1119433492,-2,127
0;1119433696,-2,127
140362028025216;1119433680,-2,127
0;-1798257376,-88,127
3;0,0,0
0;0,0,0
0;1736415839,0,0
140362028217592;1119433976,-2,127
140362028026305;1119433680,-2,127
140730017854432;-1798127127,-88,127
1;-1798256200,-88,127
9;0,0,0
1;-1797985816,-88,127
140730017854500;-1798256200,-88,127
140362028214760;-1797982984,-88,127
0;1119650232,-2,127
140362028176063;1,0,0
4294967295;1119433764,-2,127
140362025936784;-1798258688,-88,127
140730017854992;1119433952,-2,127
0;1119433760,-2,127
140730017854736;-1798100020,-88,127
140362028209977;-1798172752,-88,127
140730017854832;7,0,0
34359738375;-1798175360,-88,127
140362028214760;-1798119660,-88,127
9;-1798117479,-88,127
140730017854656;-1800181072,-88,127
0;0,0,0
140730017854784;0,0,0
0;0,0,0
140362028025840;-1797982984,-88,127
140730017854784;-1798176768,-88,127
140362028026388;-1798175552,-88,127
140362028212296;0,0,0
1;-1800263792,-88,127
140362028026624;1224,0,0
42;0,0,0
0;0,0,0
0;0,0,0
140362027945440;1831768397,-109,98
0;-1797983856,-88,127
-8;-1798070416,-88,127
140730017855344;-1798158421,-88,127
0;0,0,0
-94403485725484;0,0,0
4;1,0,0
140362028218112;-1798253248,-88,127
140362028216672;1119434241,-2,127
140362028214760;0,0,0
0;0,0,0
0;0,0,0
140730018071064;0,0,0
137438953472;0,0,0
0;0,0,0
1;61765110,1,0
0;0,0,0
0;0,0,0
0;0,0,0
0;0,0,0
0;0,0,0
0;0,0,0
0;0,0,0
0;0,0,0
0;0,0,0
0;0,0,0
0;0,0,0
0;0,0,0
0;0,0,0
0;1119444913,-2,127
0;0,0,0
0;0,0,0
0;0,0,0
94403485724736;15775231,0,0
194;1119434647,-2,127
140730017855382;104564349,-36,85
140362027937736;104564272,-36,85
0;104563104,-36,85
